{
  "total_pairs": 1692,
  "overall_metrics": {
    "j_mae": 0.9460914364774177,
    "j_rmse": 1.1147339901162012,
    "median_error": 0.9512614011764526,
    "std_error": 0.5895276605423053,
    "min_error": 2.0217895507990136e-05,
    "max_error": 1.995643138885498,
    "percentile_25": 0.4236789941787717,
    "percentile_75": 1.445537567138672,
    "percentile_90": 1.8112536525726328,
    "percentile_95": 1.9455801486968993
  },
  "error_distribution": {
    "0-0.05 Hz": {
      "count": 71,
      "percentage": 4.196217494089835
    },
    "0.05-0.1 Hz": {
      "count": 64,
      "percentage": 3.7825059101654848
    },
    "0.1-0.2 Hz": {
      "count": 104,
      "percentage": 6.1465721040189125
    },
    "0.2-0.5 Hz": {
      "count": 238,
      "percentage": 14.066193853427897
    },
    "0.5-1.0 Hz": {
      "count": 428,
      "percentage": 25.295508274231675
    },
    ">1.0 Hz": {
      "count": 787,
      "percentage": 46.51300236406619
    }
  },
  "by_type": {
    "3JHC": {
      "count": 624,
      "j_mae": 0.7939540607501299,
      "j_rmse": 0.9992488013219958,
      "median_error": 0.6750410079956053,
      "j_pred_mean": 4.95801566579403,
      "j_exp_mean": 5.3207852564102565,
      "j_pred_std": 1.3984070746295754,
      "j_exp_std": 1.9648624926766203
    },
    "3JHH": {
      "count": 855,
      "j_mae": 1.1339972204018753,
      "j_rmse": 1.2574638958381894,
      "median_error": 1.151065063476563,
      "j_pred_mean": 5.911888815227308,
      "j_exp_mean": 7.035555555555555,
      "j_pred_std": 0.3551683671590378,
      "j_exp_std": 0.7183415970226217
    },
    "2JHC": {
      "count": 213,
      "j_mae": 0.6375199679253807,
      "j_rmse": 0.7737812058659144,
      "median_error": 0.5364499092102051,
      "j_pred_mean": 1.6951717076726922,
      "j_exp_mean": 1.8619718309859152,
      "j_pred_std": 0.7253089772373648,
      "j_exp_std": 0.6844291514493719
    }
  },
  "per_molecule": {
    "unique_molecules": 666,
    "avg_pairs_per_molecule": 2.5405405405405403,
    "avg_error_per_molecule": 0.9273218849787659,
    "median_error_per_molecule": 0.9119342764218649
  }
}